Matlab;C++;Difference
6635614.38082601;6630876.91245398;4737.4683720302
7049286.11895653;7044826.83986781;4459.2790887198
8165512.97506068;8161663.59030524;3849.3847554401
9745813.80979396;9742588.83622312;3224.9735708404
11602080.6732942;11599371.8091524;2708.8641417995
13621959.4847767;13619652.367873;2307.1169036999
15742598.2085317;15740601.9189539;1996.2895778008
17928277.3207909;17926524.4290784;1752.8917125017
20157851.3078329;20156292.3119229;1558.9959100001
22418227.476782;22416825.6810932;1401.7956888005
24700951.1816471;24699678.9391073;1272.2425398007
27000354.9527345;26999191.0617797;1163.8909548
29312513.6774301;29311441.5971666;1072.0802634992
31634630.7205018;31633637.3380459;993.3824559003
33964663.6340326;33963738.4012165;925.2328161001
36301088.1784811;36300222.4973562;865.6811249033
38642745.0154615;38641931.7936768;813.221784696
40988737.4035495;40987970.7274471;766.6761023998
43338361.2722447;43337636.1628001;725.1094445959
45691056.3875314;45690368.6155405;687.7719909027
48046371.580707;48045717.5249536;654.0557534024
50403939.5538865;50403316.0909926;623.4628939033
52763458.3329324;52762862.7508708;595.5820615962
55124677.4155599;55124107.3450199;570.0705400035
57487387.2889266;57486840.6482993;546.6406273022
59851411.4007627;59850886.3516607;525.0491020009
62216599.941155;62216094.8521607;505.0889943019
64582824.9771608;64582338.3940593;486.5831014961
66949976.6097234;66949507.2308678;469.3788555935
